Defector,Alternator,Random,Tit For Tat,Cooperator
3.065,2.2975,2.2225,2.1675,1.50375
3.005,2.34,2.28375,2.2125,1.48125
2.98,2.24625,2.295,2.17625,1.485
2.99,2.285,2.24625,2.1675,1.515
2.985,2.29,2.27625,2.16875,1.4625
3.035,2.3,2.245,2.18,1.50375
3.01,2.3,2.26625,2.17375,1.48125
2.995,2.3225,2.26125,2.21875,1.54875
3.0,2.26875,2.2375,2.1575,1.50375
3.06,2.34125,2.25125,2.195,1.485
