Defector,Alternator,Random,Tit For Tat,Cooperator
2.985,2.33625,2.22,2.1875,1.56
3.005,2.31625,2.26125,2.18375,1.4925
2.995,2.32375,2.26375,2.19125,1.515
2.955,2.27875,2.305,2.215,1.51125
3.0,2.235,2.27,2.17625,1.5075
2.98,2.3475,2.25125,2.21,1.51875
3.025,2.3475,2.2525,2.20125,1.49625
3.05,2.335,2.23125,2.19125,1.5225
3.01,2.29875,2.26,2.19375,1.51875
3.02,2.3325,2.21125,2.15125,1.5
