Defector,Alternator,Random,Tit For Tat,Cooperator
2.995,2.285,2.2575,2.18625,1.53375
3.045,2.30375,2.23125,2.2,1.55625
3.015,2.2925,2.28375,2.19125,1.4775
3.01,2.26,2.24,2.1725,1.515
3.08,2.3425,2.23625,2.18875,1.47375
2.95,2.30125,2.28125,2.18,1.47375
3.035,2.3425,2.2575,2.2025,1.5075
3.035,2.31875,2.19125,2.14875,1.5375
2.95,2.3575,2.20375,2.16375,1.5375
2.985,2.3,2.2525,2.16875,1.50375
