Defector,Bully,Suspicious Tit For Tat,Alternator,Tit For Tat,Anti Tit For Tat,Win-Stay Lose-Shift,Cooperator
3.39285714286,3.25892857143,2.97905828998,2.20634920635,2.26470588235,2.34693877551,1.54761904762,1.30952380952
3.45238095238,3.09358678955,3.32018961431,2.26875305954,2.01131816363,1.7012987013,1.89285714286,1.5
