Defector,Alternator,Random,Tit For Tat,Cooperator
2.955,2.3675,2.2575,2.18875,1.48875
3.015,2.29875,2.27625,2.18625,1.4625
2.995,2.37375,2.245,2.20125,1.4925
3.0,2.28375,2.27875,2.18875,1.4925
3.025,2.2825,2.2925,2.205,1.485
2.995,2.315,2.25875,2.1925,1.51125
2.96,2.285,2.26875,2.17875,1.5
3.02,2.26375,2.24625,2.17375,1.5
3.015,2.28,2.2575,2.16375,1.46625
3.04,2.30375,2.25625,2.1825,1.485
