Defector,Bully,Tit For Tat,Alternator,Suspicious Tit For Tat,Anti Tit For Tat,Win-Stay Lose-Shift,Cooperator
3.28571428571,2.80714285714,2.33571428571,2.25,2.23571428571,2.07142857143,1.91428571429,1.5
3.28571428571,2.80714285714,2.33571428571,2.25,2.23571428571,2.07142857143,1.91428571429,1.5
