Defector,Bully,Suspicious Tit For Tat,Tit For Tat,Anti Tit For Tat,Win-Stay Lose-Shift,Alternator,Cooperator
3.54199134199,2.6880952381,2.42661064426,2.17857142857,2.07430972389,1.90708915145,1.92300556586,1.48571428571
3.59380692168,3.24837366641,3.31818181818,2.18616600791,1.73800112931,1.87364243943,1.48571428571,1.32467532468
