Mind Bender,Mind Controller,Darwin,Geller Defector,Geller,Geller Cooperator,Mind Warper,Mind Reader,Mirror Mind Reader,Protected Mind Reader
4.11111111111,3.51111111111,3.0,2.72777777778,2.53333333333,2.75,2.44444444444,2.33333333333,2.22222222222,1.55555555556
4.11111111111,3.31111111111,3.0,3.0,3.0,2.67222222222,2.44444444444,2.33333333333,2.22222222222,1.55555555556
